{
  "project_info": {
    "project_number": "588172198907",
    "project_id": "paiker-89521",
    "storage_bucket": "paiker-89521.appspot.com"
  },
  "client": [
    {
      "client_info": {
        "mobilesdk_app_id": "1:588172198907:android:122f46f2378226b8e7015e",
        "android_client_info": {
          "package_name": "com.inovex.paiker"
        }
      },
      "oauth_client": [
        {
          "client_id": "588172198907-mprqc2sdgfc4m29sicft548msdjuuio5.apps.googleusercontent.com",
          "client_type": 3
        }
      ],
      "api_key": [
        {
          "current_key": "AIzaSyAKkO8m6Z5HNP1a2oW1UStC0oVRvURzdT8"
        }
      ],
      "services": {
        "appinvite_service": {
          "other_platform_oauth_client": [
            {
              "client_id": "588172198907-mprqc2sdgfc4m29sicft548msdjuuio5.apps.googleusercontent.com",
              "client_type": 3
            }
          ]
        }
      }
    },
    {
      "client_info": {
        "mobilesdk_app_id": "1:588172198907:android:26b9310c9b783e47e7015e",
        "android_client_info": {
          "package_name": "com.nahid.inovexpharma"
        }
      },
      "oauth_client": [
        {
          "client_id": "588172198907-mprqc2sdgfc4m29sicft548msdjuuio5.apps.googleusercontent.com",
          "client_type": 3
        }
      ],
      "api_key": [
        {
          "current_key": "AIzaSyAKkO8m6Z5HNP1a2oW1UStC0oVRvURzdT8"
        }
      ],
      "services": {
        "appinvite_service": {
          "other_platform_oauth_client": [
            {
              "client_id": "588172198907-mprqc2sdgfc4m29sicft548msdjuuio5.apps.googleusercontent.com",
              "client_type": 3
            }
          ]
        }
      }
    }
  ],
  "configuration_version": "1"
}